<?xml version="1.0" encoding="UTF-8"?>
<beans xmlns="http://www.springframework.org/schema/beans"
	xmlns:xsi="http://www.w3.org/2001/XMLSchema-instance"
	xmlns:context="http://www.springframework.org/schema/context"
	xmlns:mvc="http://www.springframework.org/schema/mvc"
	xmlns:tx="http://www.springframework.org/schema/tx"
	xsi:schemaLocation="
	   http://www.springframework.org/schema/beans
       http://www.springframework.org/schema/beans/spring-beans.xsd
       http://www.springframework.org/schema/mvc
       http://www.springframework.org/schema/mvc/spring-mvc.xsd
       http://www.springframework.org/schema/context
       http://www.springframework.org/schema/context/spring-context.xsd 
       http://www.springframework.org/schema/tx 
       http://www.springframework.org/schema/tx/spring-tx.xsd">
       <context:component-scan base-package="com.niit.shoppingcartfrontend"></context:component-scan>
       <mvc:annotation-driven></mvc:annotation-driven>
       <mvc:resources location="/WEB-INF/resources/" mapping="/resources/**"></mvc:resources>
        <bean id="viewResolver" class="org.springframework.web.servlet.view.InternalResourceViewResolver">
 
 <property name= "prefix">
 <value>/WEB-INF/views/</value>
 </property>
 
 <property name="suffix">
 <value>.jsp</value>
 </property>
 
    </bean>   
       
</beans>